CA-BG2,CA-FG2,CA-FG1,All,Remove duplicates
Gift_Box_0x5ABb8dDA439BECBd9585D1894Bd96Fd702400fA2,Riddle_0x7aD537f90bCdD4d2c5eAef4285643e5040c703b7,Intermediary_0x87B0DE512502f3e86fD22654B72a640c8e0f59cc,Gift_Box_0x5ABb8dDA439BECBd9585D1894Bd96Fd702400fA2,Gift_Box_0x5ABb8dDA439BECBd9585D1894Bd96Fd702400fA2
Vault_0xEA0822a17b62bf1be91fA8C98154cE42a87589Ff,T_TOTAL_0xD0ECba75e5eF3E08950a4f6608565147CA872fF1,T_TOTAL_0xD0ECba75e5eF3E08950a4f6608565147CA872fF1,Vault_0xEA0822a17b62bf1be91fA8C98154cE42a87589Ff,Vault_0xEA0822a17b62bf1be91fA8C98154cE42a87589Ff
DepositBank_0x4eb3ce14FdA3a874ECAd0E9ad988258C827Bae82,RiddleMeThis_0x1A08D7C9A84f339381618B2319ED9252956857B7,loglibs_0xBC3A2d9D5Cf09013FB6ED85d97B180EaF76000Bd,DepositBank_0x4eb3ce14FdA3a874ECAd0E9ad988258C827Bae82,DepositBank_0x4eb3ce14FdA3a874ECAd0E9ad988258C827Bae82
Vault_0x08ADe307321221677e837C8150bdbd4e891daf09,CryptoRouletteAlpha_0x1Fad27bA1b4e0c3152261518CBfCCf3723F38051,GenTokens_0x484C6C752E14460dF88DdE710bb17FA5D3393b53,Vault_0x08ADe307321221677e837C8150bdbd4e891daf09,Vault_0x08ADe307321221677e837C8150bdbd4e891daf09
PiggyBank_0xdcb13FA157eeBF22dDC8C9aA1d6E394810De6FA3,CryptoRouletteBeta_0xbd2BA263Ed760AEcE269669AEa4cd411b9277AB4,DepositContract_0xAcb8A40073d0A7e041b29381DebCaFC2b538cd7c,PiggyBank_0xdcb13FA157eeBF22dDC8C9aA1d6E394810De6FA3,PiggyBank_0xdcb13FA157eeBF22dDC8C9aA1d6E394810De6FA3
Vault_0xEA0822a17b62bf1be91fA8C98154cE42a87589Ff,CryptoRouletteC_0xe513ABfB97a51F8c00c9224a5fBaB4C776937698,Vault_0x954A36b1C1E5E42f884C4f7Aa9522E6fd21b11C3,Vault_0xEA0822a17b62bf1be91fA8C98154cE42a87589Ff,Riddle_0x7aD537f90bCdD4d2c5eAef4285643e5040c703b7
,,Deposit_0x625f220Be6440c14f3481072f1CBE9a83a58Ec75,Riddle_0x7aD537f90bCdD4d2c5eAef4285643e5040c703b7,T_TOTAL_0xD0ECba75e5eF3E08950a4f6608565147CA872fF1
,,Vault_0xEA0822a17b62bf1be91fA8C98154cE42a87589Ff,T_TOTAL_0xD0ECba75e5eF3E08950a4f6608565147CA872fF1,RiddleMeThis_0x1A08D7C9A84f339381618B2319ED9252956857B7
,,CryptoRoulette_0x6F952D7AcAA2dFfaEcFE34d064eD5b46fcc59664,RiddleMeThis_0x1A08D7C9A84f339381618B2319ED9252956857B7,CryptoRouletteAlpha_0x1Fad27bA1b4e0c3152261518CBfCCf3723F38051
,,CryptoRouletteAlpha_0x1Fad27bA1b4e0c3152261518CBfCCf3723F38051,CryptoRouletteAlpha_0x1Fad27bA1b4e0c3152261518CBfCCf3723F38051,CryptoRouletteBeta_0xbd2BA263Ed760AEcE269669AEa4cd411b9277AB4
,,CryptoRouletteBeta_0xbd2BA263Ed760AEcE269669AEa4cd411b9277AB4,CryptoRouletteBeta_0xbd2BA263Ed760AEcE269669AEa4cd411b9277AB4,CryptoRouletteC_0xe513ABfB97a51F8c00c9224a5fBaB4C776937698
,,CryptoRouletteC_0xe513ABfB97a51F8c00c9224a5fBaB4C776937698,CryptoRouletteC_0xe513ABfB97a51F8c00c9224a5fBaB4C776937698,Intermediary_0x87B0DE512502f3e86fD22654B72a640c8e0f59cc
,,TransferReg_0x135B032A6FEE8060Ec7C1c7C5fe1F25313a9B992,Intermediary_0x87B0DE512502f3e86fD22654B72a640c8e0f59cc,loglibs_0xBC3A2d9D5Cf09013FB6ED85d97B180EaF76000Bd
,,Wforcer_0x16504EA42ffd2bD962108C2ea7Cc4FB70106d8a8,T_TOTAL_0xD0ECba75e5eF3E08950a4f6608565147CA872fF1,GenTokens_0x484C6C752E14460dF88DdE710bb17FA5D3393b53
,,Doubler_0x987C07C3BBaea77A997918Fd62550f880c262279,loglibs_0xBC3A2d9D5Cf09013FB6ED85d97B180EaF76000Bd,DepositContract_0xAcb8A40073d0A7e041b29381DebCaFC2b538cd7c
,,Loan_0x01e53a2e7122A63845b1c329D4fCE8124dDa5B06,GenTokens_0x484C6C752E14460dF88DdE710bb17FA5D3393b53,Vault_0x954A36b1C1E5E42f884C4f7Aa9522E6fd21b11C3
,,Distributor_0x3cD0C444137bAc6996F262F92D1b79D6e8Ad85B8,DepositContract_0xAcb8A40073d0A7e041b29381DebCaFC2b538cd7c,Deposit_0x625f220Be6440c14f3481072f1CBE9a83a58Ec75
,,Deposit_0x625f220Be6440c14f3481072f1CBE9a83a58Ec75,Vault_0x954A36b1C1E5E42f884C4f7Aa9522E6fd21b11C3,CryptoRoulette_0x6F952D7AcAA2dFfaEcFE34d064eD5b46fcc59664
,,Vault_0xEA0822a17b62bf1be91fA8C98154cE42a87589Ff,Deposit_0x625f220Be6440c14f3481072f1CBE9a83a58Ec75,TransferReg_0x135B032A6FEE8060Ec7C1c7C5fe1F25313a9B992
,,CryptoRoulette_0x6F952D7AcAA2dFfaEcFE34d064eD5b46fcc59664,Vault_0xEA0822a17b62bf1be91fA8C98154cE42a87589Ff,Wforcer_0x16504EA42ffd2bD962108C2ea7Cc4FB70106d8a8
,,TransferReg_0x135B032A6FEE8060Ec7C1c7C5fe1F25313a9B992,CryptoRoulette_0x6F952D7AcAA2dFfaEcFE34d064eD5b46fcc59664,Doubler_0x987C07C3BBaea77A997918Fd62550f880c262279
,,Wforcer_0x16504EA42ffd2bD962108C2ea7Cc4FB70106d8a8,CryptoRouletteAlpha_0x1Fad27bA1b4e0c3152261518CBfCCf3723F38051,Loan_0x01e53a2e7122A63845b1c329D4fCE8124dDa5B06
,,,CryptoRouletteBeta_0xbd2BA263Ed760AEcE269669AEa4cd411b9277AB4,Distributor_0x3cD0C444137bAc6996F262F92D1b79D6e8Ad85B8
,,,CryptoRouletteC_0xe513ABfB97a51F8c00c9224a5fBaB4C776937698,
,,,TransferReg_0x135B032A6FEE8060Ec7C1c7C5fe1F25313a9B992,
,,,Wforcer_0x16504EA42ffd2bD962108C2ea7Cc4FB70106d8a8,
,,,Doubler_0x987C07C3BBaea77A997918Fd62550f880c262279,
,,,Loan_0x01e53a2e7122A63845b1c329D4fCE8124dDa5B06,
,,,Distributor_0x3cD0C444137bAc6996F262F92D1b79D6e8Ad85B8,
,,,Deposit_0x625f220Be6440c14f3481072f1CBE9a83a58Ec75,
,,,Vault_0xEA0822a17b62bf1be91fA8C98154cE42a87589Ff,
,,,CryptoRoulette_0x6F952D7AcAA2dFfaEcFE34d064eD5b46fcc59664,
,,,TransferReg_0x135B032A6FEE8060Ec7C1c7C5fe1F25313a9B992,
,,,Wforcer_0x16504EA42ffd2bD962108C2ea7Cc4FB70106d8a8,
